-- -------------------------------------------------------------
-- TablePlus 6.9.0(668)
--
-- https://tableplus.com/
--
-- Database: db_clone_capstone_movie
-- Generation Time: 2026-05-05 15:23:33.7340
-- -------------------------------------------------------------


/*!40101 SET @OLD_CHARACTER_SET_CLIENT=@@CHARACTER_SET_CLIENT */;
/*!40101 SET @OLD_CHARACTER_SET_RESULTS=@@CHARACTER_SET_RESULTS */;
/*!40101 SET @OLD_COLLATION_CONNECTION=@@COLLATION_CONNECTION */;
/*!40101 SET NAMES utf8mb4 */;
/*!40014 SET @OLD_UNIQUE_CHECKS=@@UNIQUE_CHECKS, UNIQUE_CHECKS=0 */;
/*!40014 SET @OLD_FOREIGN_KEY_CHECKS=@@FOREIGN_KEY_CHECKS, FOREIGN_KEY_CHECKS=0 */;
/*!40101 SET @OLD_SQL_MODE=@@SQL_MODE, SQL_MODE='NO_AUTO_VALUE_ON_ZERO' */;
/*!40111 SET @OLD_SQL_NOTES=@@SQL_NOTES, SQL_NOTES=0 */;


DROP TABLE IF EXISTS `Banner`;
CREATE TABLE `Banner` (
  `banner_id` int NOT NULL AUTO_INCREMENT,
  `movie_id` int NOT NULL,
  `image` varchar(1000) NOT NULL,
  PRIMARY KEY (`banner_id`),
  KEY `movie_id` (`movie_id`),
  CONSTRAINT `Banner_ibfk_1` FOREIGN KEY (`movie_id`) REFERENCES `Movie` (`movie_id`) ON DELETE CASCADE
) ENGINE=InnoDB AUTO_INCREMENT=11 DEFAULT CHARSET=utf8mb4 COLLATE=utf8mb4_0900_ai_ci;

DROP TABLE IF EXISTS `Booking`;
CREATE TABLE `Booking` (
  `ticket_id` int NOT NULL AUTO_INCREMENT,
  `account_id` int NOT NULL,
  `showtimes_id` int NOT NULL,
  `seat_id` int NOT NULL,
  `date` datetime DEFAULT CURRENT_TIMESTAMP,
  `status` varchar(20) DEFAULT 'HELD',
  `hold_until` datetime DEFAULT NULL,
  `version` int DEFAULT '1',
  PRIMARY KEY (`ticket_id`),
  UNIQUE KEY `unique_seat_showtime` (`showtimes_id`,`seat_id`),
  KEY `showtimes_id` (`showtimes_id`),
  KEY `seat_id` (`seat_id`),
  KEY `Booking_ibfk_1` (`account_id`),
  CONSTRAINT `Booking_ibfk_1` FOREIGN KEY (`account_id`) REFERENCES `User` (`account_id`) ON DELETE CASCADE,
  CONSTRAINT `Booking_ibfk_2` FOREIGN KEY (`showtimes_id`) REFERENCES `ShowTimes` (`showtimes_id`) ON DELETE CASCADE,
  CONSTRAINT `Booking_ibfk_3` FOREIGN KEY (`seat_id`) REFERENCES `Seat` (`seat_id`) ON DELETE CASCADE
) ENGINE=InnoDB AUTO_INCREMENT=51 DEFAULT CHARSET=utf8mb4 COLLATE=utf8mb4_0900_ai_ci;

DROP TABLE IF EXISTS `Cinema`;
CREATE TABLE `Cinema` (
  `cinema_id` int NOT NULL AUTO_INCREMENT,
  `cinema_name` varchar(200) NOT NULL,
  `cinema_complex_id` int DEFAULT NULL,
  PRIMARY KEY (`cinema_id`),
  KEY `cinema_complex_id` (`cinema_complex_id`),
  CONSTRAINT `Cinema_ibfk_1` FOREIGN KEY (`cinema_complex_id`) REFERENCES `CinemaComplex` (`cinema_complex_id`) ON DELETE CASCADE
) ENGINE=InnoDB AUTO_INCREMENT=9 DEFAULT CHARSET=utf8mb4 COLLATE=utf8mb4_0900_ai_ci;

DROP TABLE IF EXISTS `CinemaChain`;
CREATE TABLE `CinemaChain` (
  `cinema_chain_id` int NOT NULL AUTO_INCREMENT,
  `cinema_chain_name` varchar(200) NOT NULL,
  `logo` varchar(1000) NOT NULL,
  PRIMARY KEY (`cinema_chain_id`)
) ENGINE=InnoDB AUTO_INCREMENT=5 DEFAULT CHARSET=utf8mb4 COLLATE=utf8mb4_0900_ai_ci;

DROP TABLE IF EXISTS `CinemaComplex`;
CREATE TABLE `CinemaComplex` (
  `cinema_complex_id` int NOT NULL AUTO_INCREMENT,
  `cinema_complex_name` varchar(200) NOT NULL,
  `address` varchar(200) NOT NULL,
  `cinema_chain_id` int DEFAULT NULL,
  PRIMARY KEY (`cinema_complex_id`),
  KEY `cinema_chain_id` (`cinema_chain_id`),
  CONSTRAINT `CinemaComplex_ibfk_1` FOREIGN KEY (`cinema_chain_id`) REFERENCES `CinemaChain` (`cinema_chain_id`) ON DELETE CASCADE
) ENGINE=InnoDB AUTO_INCREMENT=7 DEFAULT CHARSET=utf8mb4 COLLATE=utf8mb4_0900_ai_ci;

DROP TABLE IF EXISTS `Movie`;
CREATE TABLE `Movie` (
  `movie_id` int NOT NULL AUTO_INCREMENT,
  `movie_name` varchar(200) NOT NULL,
  `trailer` varchar(5000) DEFAULT NULL,
  `image` varchar(5000) NOT NULL,
  `description` varchar(500) DEFAULT NULL,
  `opening_date` date NOT NULL,
  `rate` int DEFAULT NULL,
  `hot` tinyint(1) NOT NULL,
  `now_showing` tinyint(1) NOT NULL,
  `coming_soon` tinyint(1) NOT NULL,
  PRIMARY KEY (`movie_id`),
  UNIQUE KEY `movie_name` (`movie_name`)
) ENGINE=InnoDB AUTO_INCREMENT=48 DEFAULT CHARSET=utf8mb4 COLLATE=utf8mb4_0900_ai_ci;

DROP TABLE IF EXISTS `Seat`;
CREATE TABLE `Seat` (
  `seat_id` int NOT NULL AUTO_INCREMENT,
  `seat_name` varchar(50) DEFAULT NULL,
  `seat_type` varchar(50) DEFAULT NULL,
  `cinema_id` int DEFAULT NULL,
  `seat_price` int DEFAULT NULL,
  PRIMARY KEY (`seat_id`),
  KEY `cinema_id` (`cinema_id`),
  CONSTRAINT `Seat_ibfk_1` FOREIGN KEY (`cinema_id`) REFERENCES `Cinema` (`cinema_id`) ON DELETE CASCADE
) ENGINE=InnoDB AUTO_INCREMENT=1281 DEFAULT CHARSET=utf8mb4 COLLATE=utf8mb4_0900_ai_ci;

DROP TABLE IF EXISTS `ShowTimes`;
CREATE TABLE `ShowTimes` (
  `showtimes_id` int NOT NULL AUTO_INCREMENT,
  `cinema_id` int DEFAULT NULL,
  `movie_id` int DEFAULT NULL,
  `screening_time` datetime NOT NULL,
  `ticket_price` int NOT NULL,
  PRIMARY KEY (`showtimes_id`),
  UNIQUE KEY `unique_cinema_time` (`cinema_id`,`screening_time`),
  KEY `cinema_id` (`cinema_id`),
  KEY `movie_id` (`movie_id`),
  CONSTRAINT `ShowTimes_ibfk_1` FOREIGN KEY (`cinema_id`) REFERENCES `Cinema` (`cinema_id`) ON DELETE CASCADE,
  CONSTRAINT `ShowTimes_ibfk_2` FOREIGN KEY (`movie_id`) REFERENCES `Movie` (`movie_id`) ON DELETE CASCADE
) ENGINE=InnoDB AUTO_INCREMENT=21 DEFAULT CHARSET=utf8mb4 COLLATE=utf8mb4_0900_ai_ci;

DROP TABLE IF EXISTS `User`;
CREATE TABLE `User` (
  `account_id` int NOT NULL AUTO_INCREMENT,
  `name` varchar(50) DEFAULT NULL,
  `email` varchar(100) NOT NULL,
  `phone_number` varchar(20) DEFAULT NULL,
  `password` varchar(1000) DEFAULT NULL,
  `user_type` varchar(50) DEFAULT NULL,
  PRIMARY KEY (`account_id`),
  UNIQUE KEY `email` (`email`)
) ENGINE=InnoDB AUTO_INCREMENT=13 DEFAULT CHARSET=utf8mb4 COLLATE=utf8mb4_0900_ai_ci;

INSERT INTO `Banner` (`banner_id`, `movie_id`, `image`) VALUES
(1, 1, 'https://image.tmdb.org/t/p/original/8ZTVqvKDQ8emSGUEMjsS4yHAwrp.jpg'),
(2, 2, 'https://image.tmdb.org/t/p/original/rAiYTfKGqDCRIIqo664sY9XZIvQ.jpg'),
(3, 3, 'https://image.tmdb.org/t/p/original/dqK9Hag1054tghRQSqLSfrkvQnA.jpg'),
(4, 4, 'https://image.tmdb.org/t/p/original/vL5LR6WdxWPjLPFRLe133jXWsh5.jpg'),
(5, 5, 'https://collider.com/wp-content/uploads/avengers-character-poster-banner.jpeg'),
(6, 6, 'https://cdn.mos.cms.futurecdn.net/M5X5cyXsCYNfPBmhJdhd9L.jpg'),
(7, 7, 'https://i.guim.co.uk/img/media/b295f1c9d47d4e21463c51b568588f2dd055627a/0_49_2000_1200/master/2000.jpg?width=1200&quality=85&auto=format&fit=max&s=16da0859475a304007ab601f5b1880a7'),
(8, 8, 'https://www.filmofilia.com/wp-content/uploads/2024/07/gladiator-2.webp'),
(9, 9, 'https://attractionsmagazine.com/wp-content/uploads/2024/10/Joker-2-courtesy-of-Warner-Bros.jpeg'),
(10, 10, 'https://image.tmdb.org/t/p/original/14QbnygCuTO0vl7CAFmPf1fgZfV.jpg');

INSERT INTO `Booking` (`ticket_id`, `account_id`, `showtimes_id`, `seat_id`, `date`, `status`, `hold_until`, `version`) VALUES
(1, 2, 1, 1, '2026-05-05 04:19:09', 'BOOKED', NULL, 1),
(2, 2, 1, 2, '2026-05-05 04:19:09', 'BOOKED', NULL, 1),
(3, 2, 1, 121, '2026-05-05 04:19:09', 'BOOKED', NULL, 1),
(4, 2, 1, 122, '2026-05-05 04:19:09', 'BOOKED', NULL, 1),
(5, 4, 1, 3, '2026-05-05 04:19:09', 'BOOKED', NULL, 1),
(6, 4, 1, 4, '2026-05-05 04:19:09', 'BOOKED', NULL, 1),
(7, 6, 1, 14, '2026-05-05 04:19:09', 'BOOKED', NULL, 1),
(8, 6, 1, 15, '2026-05-05 04:19:09', 'BOOKED', NULL, 1),
(9, 6, 1, 22, '2026-05-05 04:19:09', 'BOOKED', NULL, 1),
(10, 6, 1, 23, '2026-05-05 04:19:09', 'BOOKED', NULL, 1),
(11, 6, 1, 24, '2026-05-05 04:19:09', 'BOOKED', NULL, 1),
(12, 6, 1, 32, '2026-05-05 04:19:09', 'BOOKED', NULL, 1),
(13, 6, 1, 94, '2026-05-05 04:19:09', 'BOOKED', NULL, 1),
(14, 6, 1, 95, '2026-05-05 04:19:09', 'BOOKED', NULL, 1),
(15, 6, 1, 109, '2026-05-05 04:19:09', 'BOOKED', NULL, 1),
(16, 6, 1, 116, '2026-05-05 04:19:09', 'BOOKED', NULL, 1),
(17, 6, 1, 119, '2026-05-05 04:19:09', 'BOOKED', NULL, 1),
(18, 6, 1, 125, '2026-05-05 04:19:09', 'BOOKED', NULL, 1),
(19, 6, 1, 127, '2026-05-05 04:19:09', 'BOOKED', NULL, 1),
(20, 6, 1, 131, '2026-05-05 04:19:09', 'BOOKED', NULL, 1),
(21, 6, 1, 132, '2026-05-05 04:19:09', 'BOOKED', NULL, 1),
(22, 6, 1, 133, '2026-05-05 04:19:09', 'BOOKED', NULL, 1),
(23, 6, 1, 134, '2026-05-05 04:19:09', 'BOOKED', NULL, 1),
(24, 6, 1, 135, '2026-05-05 04:19:09', 'BOOKED', NULL, 1),
(25, 6, 1, 136, '2026-05-05 04:19:09', 'BOOKED', NULL, 1),
(26, 6, 1, 140, '2026-05-05 04:19:09', 'BOOKED', NULL, 1),
(27, 6, 1, 141, '2026-05-05 04:19:09', 'BOOKED', NULL, 1),
(28, 6, 1, 142, '2026-05-05 04:19:09', 'BOOKED', NULL, 1),
(29, 6, 1, 147, '2026-05-05 04:19:09', 'BOOKED', NULL, 1),
(30, 6, 1, 150, '2026-05-05 04:19:09', 'BOOKED', NULL, 1),
(31, 6, 1, 152, '2026-05-05 04:19:09', 'BOOKED', NULL, 1),
(32, 6, 1, 157, '2026-05-05 04:19:09', 'BOOKED', NULL, 1),
(33, 6, 1, 160, '2026-05-05 04:19:09', 'BOOKED', NULL, 1),
(34, 6, 2, 16, '2026-05-05 04:19:09', 'BOOKED', NULL, 1),
(35, 6, 2, 17, '2026-05-05 04:19:09', 'BOOKED', NULL, 1),
(36, 6, 2, 18, '2026-05-05 04:19:09', 'BOOKED', NULL, 1),
(37, 6, 2, 19, '2026-05-05 04:19:09', 'BOOKED', NULL, 1),
(38, 6, 2, 20, '2026-05-05 04:19:09', 'BOOKED', NULL, 1),
(39, 6, 2, 21, '2026-05-05 04:19:09', 'BOOKED', NULL, 1),
(40, 6, 2, 22, '2026-05-05 04:19:09', 'BOOKED', NULL, 1),
(41, 6, 3, 96, '2026-05-05 04:19:09', 'BOOKED', NULL, 1),
(42, 6, 3, 100, '2026-05-05 04:19:09', 'BOOKED', NULL, 1),
(43, 6, 3, 160, '2026-05-05 04:19:09', 'BOOKED', NULL, 1),
(44, 6, 4, 112, '2026-05-05 04:19:09', 'BOOKED', NULL, 1),
(45, 6, 19, 96, '2026-05-05 04:19:09', 'BOOKED', NULL, 1),
(46, 6, 2, 120, '2026-05-05 04:19:09', 'BOOKED', NULL, 2),
(47, 6, 19, 88, '2026-05-05 04:39:24', 'HELD', '2026-05-05 04:44:24', 1),
(48, 6, 19, 95, '2026-05-05 04:41:56', 'HELD', '2026-05-05 04:46:56', 1),
(49, 6, 19, 103, '2026-05-05 04:45:48', 'HELD', '2026-05-05 04:50:48', 1),
(50, 6, 3, 110, '2026-05-05 04:48:37', 'HELD', '2026-05-05 04:53:37', 1);

INSERT INTO `Cinema` (`cinema_id`, `cinema_name`, `cinema_complex_id`) VALUES
(1, 'Xtremescreen 1', 1),
(2, 'Cinema 2', 1),
(3, 'Xtremescreen 1', 2),
(4, 'Cinema 2', 2),
(5, 'Vmax 1', 3),
(6, 'Gold Class 1', 3),
(7, 'Cinema 1', 5),
(8, 'Titan XC', 6);

INSERT INTO `CinemaChain` (`cinema_chain_id`, `cinema_chain_name`, `logo`) VALUES
(1, 'Hoyts', 'https://www.tweedcity.com.au/contentassets/7f123d14ca614894998b7da0ad46068c/hoyts.jpg?width=300&height=400&upscale=false&mode=max&quality=80'),
(2, 'Village Cinemas', 'https://images.ctfassets.net/pb5afjlhnvie/5HJEq77dcvsTo4NuFcMJSU/c67a05e511630ec01ddfb65cd470c26b/Village_Cinemas__resize_.png'),
(3, 'Palace Cinemas', 'https://www.cbasscc.com.au/sites/5575/products/342463_palace_cinema_2048x2048.jpg?v=1554768138'),
(4, 'Reading Cinemas', 'https://pbs.twimg.com/profile_images/299180008/Reading_Stacked_RGB_400x400.jpg');

INSERT INTO `CinemaComplex` (`cinema_complex_id`, `cinema_complex_name`, `address`, `cinema_chain_id`) VALUES
(1, 'Hoyts Melbourne Central', 'Cnr Swanston & La Trobe St, Melbourne VIC 3000', 1),
(2, 'Hoyts Chadstone', '1341 Dandenong Rd, Chadstone VIC 3148', 1),
(3, 'Village Cinemas Crown', '8 Whiteman St, Southbank VIC 3006', 2),
(4, 'Village Cinemas Jam Factory', '500 Chapel St, South Yarra VIC 3141', 2),
(5, 'Palace Kino', '45 Collins St, Melbourne VIC 3000', 3),
(6, 'Reading Cinemas Chirnside Park', '239 Maroondah Hwy, Chirnside Park VIC 3116', 4);

INSERT INTO `Movie` (`movie_id`, `movie_name`, `trailer`, `image`, `description`, `opening_date`, `rate`, `hot`, `now_showing`, `coming_soon`) VALUES
(1, 'Inception', 'https://www.youtube.com/watch?v=YoHD9XEInc0', 'public/img/oYuLEt3zVCKq57qu2F8dT7NIa6f.webp', 'A thief who steals corporate secrets through the use of dream-sharing technology. Test', '2010-07-15', 9, 1, 0, 0),
(2, 'Interstellar', 'https://www.youtube.com/watch?v=zSWdZVtXT7E', 'public/img/gEU2QniE6E77NI6lCU6MxlNBvIx.webp', 'A team of explorers travel through a wormhole in space in an attempt to ensure humanity survival.', '2014-11-05', 9, 1, 0, 0),
(3, 'The Dark Knight', 'https://www.youtube.com/watch?v=EXeTwQWrcwY', 'public/img/qJ2tW6WMUDux911r6m7haRef0WH.webp', 'Batman raises the stakes in his war on crime.', '2008-07-15', 9, 1, 0, 0),
(4, 'Avatar', 'https://www.youtube.com/watch?v=5PSNL1qE6VY', 'public/compress/img/MV5BZDYxY2I1OGMtN2Y4MS00ZmU1LTgyNDAtODA0MzAyYjI0N2Y2XkEyXkFqcGc@._V1_-1777694825721.webp', 'A paraplegic Marine dispatched to the moon Pandora on a unique mission.', '2009-12-13', 8, 1, 0, 0),
(5, 'The Avengers', 'https://www.youtube.com/watch?v=eOrNdBpGMv8', 'public/img/The_Avengers_(2012_film)_poster.jpg', 'Earth mightiest heroes must come together and learn to fight as a team.', '2012-04-25', 8, 1, 0, 0),
(6, 'Titanic', 'https://www.youtube.com/watch?v=kVrqfYjkTdQ', 'public/img/9xjZS2rlVxm8SFx8kPC3aIGCOYQ.webp', 'A seventeen-year-old aristocrat falls in love with a kind but poor artist aboard the luxurious, ill-fated R.M.S. Titanic.', '1997-11-18', 8, 1, 0, 0),
(7, 'The Matrix', 'https://www.youtube.com/watch?v=vKQi3bBA1y8', 'public/img/f89U3ADr1oiB1s9GkdPOEpXUk5H.webp', 'A computer hacker learns from mysterious rebels about the true nature of his reality.', '1999-03-30', 8, 1, 0, 0),
(8, 'Gladiator', 'https://www.youtube.com/watch?v=owK1qxDselE', 'public/img/Gladiator_(2000_film_poster).png', 'A former Roman General sets out to exact vengeance against the corrupt emperor who murdered his family.', '2000-05-01', 8, 1, 0, 0),
(9, 'Joker', 'https://www.youtube.com/watch?v=zAGVQLHvwOY', 'public/img/Joker_(2019_film)_poster.jpg', 'In Gotham City, mentally troubled comedian Arthur Fleck is disregarded and mistreated by society.', '2019-10-02', 8, 1, 0, 0),
(10, 'Spider-Man: No Way Home', 'https://www.youtube.com/watch?v=JfVOs4VSpmA', 'public/img/MV5BMmFiZGZjMmEtMTA0Ni00MzA2LTljMTYtZGI2MGJmZWYzZTQ2XkEyXkFqcGc@._V1_FMjpg_UX1000_.jpg', 'Peter Parker is unmasked and no longer able to separate his normal life from the high-stakes of being a super-hero.', '2021-12-15', 8, 1, 0, 0),
(11, 'Avengers: Endgame', 'https://www.youtube.com/watch?v=TcMBFSGVi1c', 'public/img/or06FN3Dka5tukK1e9sl16pB3iy.webp', 'After the devastating events of Infinity War, the universe is in ruins.', '2019-04-24', 8, 1, 0, 0),
(12, 'Pulp Fiction', 'https://www.youtube.com/watch?v=s7EdQ4FqbhY', 'public/img/MV5BYTViYTE3ZGQtNDBlMC00ZTAyLTkyODMtZGRiZDg0MjA2YThkXkEyXkFqcGc@._V1_.jpg', 'The lives of two mob hitmen, a boxer, a gangster and his wife intertwine.', '1994-09-10', 8, 1, 0, 0),
(13, 'Forrest Gump', 'https://www.youtube.com/watch?v=bLvqoHBptjg', 'public/img/arw2vcBveWOVZr6pxd9XTd1TdQa.webp', 'The presidencies of Kennedy and Johnson, the Vietnam War, the Watergate scandal and other historical events unfold.', '1994-06-23', 8, 1, 0, 0),
(14, 'Fight Club', 'https://www.youtube.com/watch?v=qtRKdVHc-cE', 'public/img/pB8BM7pdSp6B6Ih7QZ4DrQ3PmJK.webp', 'An insomniac office worker and a devil-may-care soap maker form an underground fight club.', '1999-10-15', 8, 1, 0, 0),
(15, 'Goodfellas', 'https://www.youtube.com/watch?v=qo5jJpHtI1Y', 'public/img/aKuFiU82s5ISJpGZp7YkIr3kCUd.webp', 'The story of Henry Hill and his life in the mob.', '1990-09-12', 8, 1, 0, 0),
(16, 'The Shawshank Redemption', 'https://www.youtube.com/watch?v=6hB3S9bIaco', 'public/img/q6y0Go1tsGEsmtFryDOJo3dEmqu.webp', 'Two imprisoned men bond over a number of years, finding solace and eventual redemption through acts of common decency.', '1994-09-23', 9, 1, 0, 0),
(17, 'The Godfather', 'https://www.youtube.com/watch?v=sY1S34973zA', 'public/img/3bhkrj58Vtu7enYsRolD1fZdja1.webp', 'The aging patriarch of an organized crime dynasty transfers control of his clandestine empire to his reluctant son.', '1972-03-14', 9, 1, 0, 0),
(18, 'Dune', 'https://www.youtube.com/watch?v=n9xhKvBWxl4', 'public/img/d5NXSklXo0qyIYkgV94XAgMIckC.webp', 'Paul Atreides, a brilliant and gifted young man born into a great destiny beyond his understanding.', '2021-09-15', 8, 1, 0, 0),
(19, 'Mad Max: Fury Road', 'https://www.youtube.com/watch?v=hEJnMQG9ev8', 'public/img/MV5BZDRkODJhOTgtOTc1OC00NTgzLTk4NjItNDgxZDY4YjlmNDY2XkEyXkFqcGc@._V1_.jpg', 'In a post-apocalyptic wasteland, a woman rebels against a tyrannical ruler in search for her homeland.', '2015-05-13', 8, 1, 0, 0),
(20, 'Blade Runner 2049', 'https://www.youtube.com/watch?v=gCcx85zbxz4', 'public/img/gajva2L0rPYkEWjzgFlBXCAVBE5.webp', 'Young Blade Runner Ks discovery of a long-buried secret leads him to track down former Blade Runner Rick Deckard.', '2017-10-04', 8, 1, 0, 0),
(21, 'The Fellowship of the Ring', 'https://www.youtube.com/watch?v=V75dMMIW2B4', 'public/img/6oom5QYQ2yQTMJIbnvbkBL9cHo6.webp', 'A meek Hobbit from the Shire and eight companions set out on a journey to destroy the powerful One Ring.', '2001-12-18', 9, 1, 0, 0),
(22, 'Star Wars: A New Hope', 'https://www.youtube.com/watch?v=vZ734NWnAHA', 'public/img/6FfCtAuVAW8XJjZ7eWeLibRLWTw.webp', 'Luke Skywalker joins forces with a Jedi Knight, a cocky pilot, a Wookiee and two droids to save the galaxy.', '1977-05-25', 8, 1, 0, 0),
(23, 'Jurassic Park', 'https://www.youtube.com/watch?v=lc0UehYemQA', 'public/img/Jurassic_Park.webp', 'A pragmatic paleontologist touring an almost complete theme park on an island in Central America.', '1993-06-11', 8, 1, 0, 0),
(24, 'Terminator 2: Judgment Day', 'https://www.youtube.com/watch?v=CRRlbK5w8AE', 'public/img/MV5BNGMyMGNkMDUtMjc2Ni00NWFlLTgyODEtZTY2MzBiZTg0OWZiXkEyXkFqcGc@._V1_.jpg', 'A cyborg, identical to the one who failed to kill Sarah Connor, must now protect her ten year old son.', '1991-07-03', 8, 1, 0, 0),
(25, 'The Lion King', 'https://www.youtube.com/watch?v=lFzVJEksoDY', 'public/img/The_Lion_King_poster.jpg', 'Lion prince Simba and his father are targeted by his bitter uncle, who wants to ascend the throne himself.', '1994-06-23', 8, 1, 0, 0),
(26, 'Toy Story', 'https://www.youtube.com/watch?v=v-PjgYDrg70', 'public/img/uXDfjJbdP4ijW5hWSBrPrlKpxab.webp', 'A cowboy doll is profoundly threatened and jealous when a new spaceman figure supplants him as top toy.', '1995-10-30', 8, 1, 0, 0),
(27, 'Finding Nemo', 'https://www.youtube.com/watch?v=wZdpNglLbt8', 'public/img/Finding_Nemo.jpg', 'After his son is captured in the Great Barrier Reef and taken to Sydney, a timid clownfish sets out on a journey.', '2003-05-30', 8, 1, 0, 0),
(28, 'Up', 'https://www.youtube.com/watch?v=ORFWdXl_zJ4', 'public/img/MV5BNmI1ZTc5MWMtMDYyOS00ZDc2LTkzOTAtNjQ4NWIxNjYyNDgzXkEyXkFqcGc@._V1_.jpg', '78-year-old Carl Fredricksen travels to Paradise Falls in his house equipped with balloons, inadvertently taking a young stowaway.', '2009-05-28', 8, 1, 0, 0),
(29, 'WALL-E', 'https://www.youtube.com/watch?v=alIq_wG9FNk', 'public/img/WALL-E_poster.jpg', 'In the distant future, a small waste-collecting robot inadvertently embarks on a space journey.', '2008-06-22', 8, 1, 0, 0),
(30, 'Spirited Away', 'https://www.youtube.com/watch?v=ByXuk9QqQkk', 'public/img/MV5BNTEyNmEwOWUtYzkyOC00ZTQ4LTllZmUtMjk0Y2YwOGUzYjRiXkEyXkFqcGc@._V1_FMjpg_UX1000_.jpg', 'During her family move to the suburbs, a sullen 10-year-old girl wanders into a world ruled by gods, witches, and spirits.', '2001-07-20', 9, 1, 0, 0),
(47, 'Inceptionss', 'https://www.youtube.com/watch?v=YoHD9XEInc0', 'public/compress/img/9xjZS2rlVxm8SFx8kPC3aIGCOYQ-1777694720041.webp', 'A thief who steals corporate secrets through the use of dream-sharing technology.', '2026-05-04', 3, 1, 1, 1);

INSERT INTO `Seat` (`seat_id`, `seat_name`, `seat_type`, `cinema_id`, `seat_price`) VALUES
(1, '01', 'Standard', 1, 20),
(2, '02', 'Standard', 1, 20),
(3, '03', 'Standard', 1, 20),
(4, '04', 'Standard', 1, 20),
(5, '05', 'Standard', 1, 20),
(6, '06', 'Standard', 1, 20),
(7, '07', 'Standard', 1, 20),
(8, '08', 'Standard', 1, 20),
(9, '09', 'Standard', 1, 20),
(10, '10', 'Standard', 1, 20),
(11, '11', 'Standard', 1, 20),
(12, '12', 'Standard', 1, 20),
(13, '13', 'Standard', 1, 20),
(14, '14', 'Standard', 1, 20),
(15, '15', 'Standard', 1, 20),
(16, '16', 'Standard', 1, 20),
(17, '17', 'Standard', 1, 20),
(18, '18', 'Standard', 1, 20),
(19, '19', 'Standard', 1, 20),
(20, '20', 'Standard', 1, 20),
(21, '21', 'Standard', 1, 20),
(22, '22', 'Standard', 1, 20),
(23, '23', 'Standard', 1, 20),
(24, '24', 'Standard', 1, 20),
(25, '25', 'Standard', 1, 20),
(26, '26', 'Standard', 1, 20),
(27, '27', 'Standard', 1, 20),
(28, '28', 'Standard', 1, 20),
(29, '29', 'Standard', 1, 20),
(30, '30', 'Standard', 1, 20),
(31, '31', 'Standard', 1, 20),
(32, '32', 'Standard', 1, 20),
(33, '33', 'Standard', 1, 20),
(34, '34', 'Standard', 1, 20),
(35, '35', 'Standard', 1, 20),
(36, '36', 'Standard', 1, 20),
(37, '37', 'Standard', 1, 20),
(38, '38', 'Standard', 1, 20),
(39, '39', 'Standard', 1, 20),
(40, '40', 'Standard', 1, 20),
(41, '41', 'VIP', 1, 30),
(42, '42', 'VIP', 1, 30),
(43, '43', 'VIP', 1, 30),
(44, '44', 'VIP', 1, 30),
(45, '45', 'VIP', 1, 30),
(46, '46', 'VIP', 1, 30),
(47, '47', 'VIP', 1, 30),
(48, '48', 'VIP', 1, 30),
(49, '49', 'VIP', 1, 30),
(50, '50', 'VIP', 1, 30),
(51, '51', 'VIP', 1, 30),
(52, '52', 'VIP', 1, 30),
(53, '53', 'VIP', 1, 30),
(54, '54', 'VIP', 1, 30),
(55, '55', 'VIP', 1, 30),
(56, '56', 'VIP', 1, 30),
(57, '57', 'VIP', 1, 30),
(58, '58', 'VIP', 1, 30),
(59, '59', 'VIP', 1, 30),
(60, '60', 'VIP', 1, 30),
(61, '61', 'VIP', 1, 30),
(62, '62', 'VIP', 1, 30),
(63, '63', 'VIP', 1, 30),
(64, '64', 'VIP', 1, 30),
(65, '65', 'VIP', 1, 30),
(66, '66', 'VIP', 1, 30),
(67, '67', 'VIP', 1, 30),
(68, '68', 'VIP', 1, 30),
(69, '69', 'VIP', 1, 30),
(70, '70', 'VIP', 1, 30),
(71, '71', 'VIP', 1, 30),
(72, '72', 'VIP', 1, 30),
(73, '73', 'VIP', 1, 30),
(74, '74', 'VIP', 1, 30),
(75, '75', 'VIP', 1, 30),
(76, '76', 'VIP', 1, 30),
(77, '77', 'VIP', 1, 30),
(78, '78', 'VIP', 1, 30),
(79, '79', 'VIP', 1, 30),
(80, '80', 'VIP', 1, 30),
(81, '81', 'Standard', 1, 20),
(82, '82', 'Standard', 1, 20),
(83, '83', 'Standard', 1, 20),
(84, '84', 'Standard', 1, 20),
(85, '85', 'Standard', 1, 20),
(86, '86', 'Standard', 1, 20),
(87, '87', 'Standard', 1, 20),
(88, '88', 'Standard', 1, 20),
(89, '89', 'Standard', 1, 20),
(90, '90', 'Standard', 1, 20),
(91, '91', 'Standard', 1, 20),
(92, '92', 'Standard', 1, 20),
(93, '93', 'Standard', 1, 20),
(94, '94', 'Standard', 1, 20),
(95, '95', 'Standard', 1, 20),
(96, '96', 'Standard', 1, 20),
(97, '97', 'Standard', 1, 20),
(98, '98', 'Standard', 1, 20),
(99, '99', 'Standard', 1, 20),
(100, '100', 'Standard', 1, 20),
(101, '101', 'Standard', 1, 20),
(102, '102', 'Standard', 1, 20),
(103, '103', 'Standard', 1, 20),
(104, '104', 'Standard', 1, 20),
(105, '105', 'Standard', 1, 20),
(106, '106', 'Standard', 1, 20),
(107, '107', 'Standard', 1, 20),
(108, '108', 'Standard', 1, 20),
(109, '109', 'Standard', 1, 20),
(110, '110', 'Standard', 1, 20),
(111, '111', 'Standard', 1, 20),
(112, '112', 'Standard', 1, 20),
(113, '113', 'Standard', 1, 20),
(114, '114', 'Standard', 1, 20),
(115, '115', 'Standard', 1, 20),
(116, '116', 'Standard', 1, 20),
(117, '117', 'Standard', 1, 20),
(118, '118', 'Standard', 1, 20),
(119, '119', 'Standard', 1, 20),
(120, '120', 'Standard', 1, 20),
(121, '121', 'Standard', 1, 20),
(122, '122', 'Standard', 1, 20),
(123, '123', 'Standard', 1, 20),
(124, '124', 'Standard', 1, 20),
(125, '125', 'Standard', 1, 20),
(126, '126', 'Standard', 1, 20),
(127, '127', 'Standard', 1, 20),
(128, '128', 'Standard', 1, 20),
(129, '129', 'Standard', 1, 20),
(130, '130', 'Standard', 1, 20),
(131, '131', 'Standard', 1, 20),
(132, '132', 'Standard', 1, 20),
(133, '133', 'Standard', 1, 20),
(134, '134', 'Standard', 1, 20),
(135, '135', 'Standard', 1, 20),
(136, '136', 'Standard', 1, 20),
(137, '137', 'Standard', 1, 20),
(138, '138', 'Standard', 1, 20),
(139, '139', 'Standard', 1, 20),
(140, '140', 'Standard', 1, 20),
(141, '141', 'Standard', 1, 20),
(142, '142', 'Standard', 1, 20),
(143, '143', 'Standard', 1, 20),
(144, '144', 'Standard', 1, 20),
(145, '145', 'Standard', 1, 20),
(146, '146', 'Standard', 1, 20),
(147, '147', 'Standard', 1, 20),
(148, '148', 'Standard', 1, 20),
(149, '149', 'Standard', 1, 20),
(150, '150', 'Standard', 1, 20),
(151, '151', 'Standard', 1, 20),
(152, '152', 'Standard', 1, 20),
(153, '153', 'Standard', 1, 20),
(154, '154', 'Standard', 1, 20),
(155, '155', 'Standard', 1, 20),
(156, '156', 'Standard', 1, 20),
(157, '157', 'Standard', 1, 20),
(158, '158', 'Standard', 1, 20),
(159, '159', 'Standard', 1, 20),
(160, '160', 'Standard', 1, 20),
(161, '01', 'Standard', 2, 20),
(162, '02', 'Standard', 2, 20),
(163, '03', 'Standard', 2, 20),
(164, '04', 'Standard', 2, 20),
(165, '05', 'Standard', 2, 20),
(166, '06', 'Standard', 2, 20),
(167, '07', 'Standard', 2, 20),
(168, '08', 'Standard', 2, 20),
(169, '09', 'Standard', 2, 20),
(170, '10', 'Standard', 2, 20),
(171, '11', 'Standard', 2, 20),
(172, '12', 'Standard', 2, 20),
(173, '13', 'Standard', 2, 20),
(174, '14', 'Standard', 2, 20),
(175, '15', 'Standard', 2, 20),
(176, '16', 'Standard', 2, 20),
(177, '17', 'Standard', 2, 20),
(178, '18', 'Standard', 2, 20),
(179, '19', 'Standard', 2, 20),
(180, '20', 'Standard', 2, 20),
(181, '21', 'Standard', 2, 20),
(182, '22', 'Standard', 2, 20),
(183, '23', 'Standard', 2, 20),
(184, '24', 'Standard', 2, 20),
(185, '25', 'Standard', 2, 20),
(186, '26', 'Standard', 2, 20),
(187, '27', 'Standard', 2, 20),
(188, '28', 'Standard', 2, 20),
(189, '29', 'Standard', 2, 20),
(190, '30', 'Standard', 2, 20),
(191, '31', 'Standard', 2, 20),
(192, '32', 'Standard', 2, 20),
(193, '33', 'Standard', 2, 20),
(194, '34', 'Standard', 2, 20),
(195, '35', 'Standard', 2, 20),
(196, '36', 'Standard', 2, 20),
(197, '37', 'Standard', 2, 20),
(198, '38', 'Standard', 2, 20),
(199, '39', 'Standard', 2, 20),
(200, '40', 'Standard', 2, 20),
(201, '41', 'VIP', 2, 30),
(202, '42', 'VIP', 2, 30),
(203, '43', 'VIP', 2, 30),
(204, '44', 'VIP', 2, 30),
(205, '45', 'VIP', 2, 30),
(206, '46', 'VIP', 2, 30),
(207, '47', 'VIP', 2, 30),
(208, '48', 'VIP', 2, 30),
(209, '49', 'VIP', 2, 30),
(210, '50', 'VIP', 2, 30),
(211, '51', 'VIP', 2, 30),
(212, '52', 'VIP', 2, 30),
(213, '53', 'VIP', 2, 30),
(214, '54', 'VIP', 2, 30),
(215, '55', 'VIP', 2, 30),
(216, '56', 'VIP', 2, 30),
(217, '57', 'VIP', 2, 30),
(218, '58', 'VIP', 2, 30),
(219, '59', 'VIP', 2, 30),
(220, '60', 'VIP', 2, 30),
(221, '61', 'VIP', 2, 30),
(222, '62', 'VIP', 2, 30),
(223, '63', 'VIP', 2, 30),
(224, '64', 'VIP', 2, 30),
(225, '65', 'VIP', 2, 30),
(226, '66', 'VIP', 2, 30),
(227, '67', 'VIP', 2, 30),
(228, '68', 'VIP', 2, 30),
(229, '69', 'VIP', 2, 30),
(230, '70', 'VIP', 2, 30),
(231, '71', 'VIP', 2, 30),
(232, '72', 'VIP', 2, 30),
(233, '73', 'VIP', 2, 30),
(234, '74', 'VIP', 2, 30),
(235, '75', 'VIP', 2, 30),
(236, '76', 'VIP', 2, 30),
(237, '77', 'VIP', 2, 30),
(238, '78', 'VIP', 2, 30),
(239, '79', 'VIP', 2, 30),
(240, '80', 'VIP', 2, 30),
(241, '81', 'Standard', 2, 20),
(242, '82', 'Standard', 2, 20),
(243, '83', 'Standard', 2, 20),
(244, '84', 'Standard', 2, 20),
(245, '85', 'Standard', 2, 20),
(246, '86', 'Standard', 2, 20),
(247, '87', 'Standard', 2, 20),
(248, '88', 'Standard', 2, 20),
(249, '89', 'Standard', 2, 20),
(250, '90', 'Standard', 2, 20),
(251, '91', 'Standard', 2, 20),
(252, '92', 'Standard', 2, 20),
(253, '93', 'Standard', 2, 20),
(254, '94', 'Standard', 2, 20),
(255, '95', 'Standard', 2, 20),
(256, '96', 'Standard', 2, 20),
(257, '97', 'Standard', 2, 20),
(258, '98', 'Standard', 2, 20),
(259, '99', 'Standard', 2, 20),
(260, '100', 'Standard', 2, 20),
(261, '101', 'Standard', 2, 20),
(262, '102', 'Standard', 2, 20),
(263, '103', 'Standard', 2, 20),
(264, '104', 'Standard', 2, 20),
(265, '105', 'Standard', 2, 20),
(266, '106', 'Standard', 2, 20),
(267, '107', 'Standard', 2, 20),
(268, '108', 'Standard', 2, 20),
(269, '109', 'Standard', 2, 20),
(270, '110', 'Standard', 2, 20),
(271, '111', 'Standard', 2, 20),
(272, '112', 'Standard', 2, 20),
(273, '113', 'Standard', 2, 20),
(274, '114', 'Standard', 2, 20),
(275, '115', 'Standard', 2, 20),
(276, '116', 'Standard', 2, 20),
(277, '117', 'Standard', 2, 20),
(278, '118', 'Standard', 2, 20),
(279, '119', 'Standard', 2, 20),
(280, '120', 'Standard', 2, 20),
(281, '121', 'Standard', 2, 20),
(282, '122', 'Standard', 2, 20),
(283, '123', 'Standard', 2, 20),
(284, '124', 'Standard', 2, 20),
(285, '125', 'Standard', 2, 20),
(286, '126', 'Standard', 2, 20),
(287, '127', 'Standard', 2, 20),
(288, '128', 'Standard', 2, 20),
(289, '129', 'Standard', 2, 20),
(290, '130', 'Standard', 2, 20),
(291, '131', 'Standard', 2, 20),
(292, '132', 'Standard', 2, 20),
(293, '133', 'Standard', 2, 20),
(294, '134', 'Standard', 2, 20),
(295, '135', 'Standard', 2, 20),
(296, '136', 'Standard', 2, 20),
(297, '137', 'Standard', 2, 20),
(298, '138', 'Standard', 2, 20),
(299, '139', 'Standard', 2, 20),
(300, '140', 'Standard', 2, 20),
(301, '141', 'Standard', 2, 20),
(302, '142', 'Standard', 2, 20),
(303, '143', 'Standard', 2, 20),
(304, '144', 'Standard', 2, 20),
(305, '145', 'Standard', 2, 20),
(306, '146', 'Standard', 2, 20),
(307, '147', 'Standard', 2, 20),
(308, '148', 'Standard', 2, 20),
(309, '149', 'Standard', 2, 20),
(310, '150', 'Standard', 2, 20),
(311, '151', 'Standard', 2, 20),
(312, '152', 'Standard', 2, 20),
(313, '153', 'Standard', 2, 20),
(314, '154', 'Standard', 2, 20),
(315, '155', 'Standard', 2, 20),
(316, '156', 'Standard', 2, 20),
(317, '157', 'Standard', 2, 20),
(318, '158', 'Standard', 2, 20),
(319, '159', 'Standard', 2, 20),
(320, '160', 'Standard', 2, 20),
(321, '01', 'Standard', 3, 20),
(322, '02', 'Standard', 3, 20),
(323, '03', 'Standard', 3, 20),
(324, '04', 'Standard', 3, 20),
(325, '05', 'Standard', 3, 20),
(326, '06', 'Standard', 3, 20),
(327, '07', 'Standard', 3, 20),
(328, '08', 'Standard', 3, 20),
(329, '09', 'Standard', 3, 20),
(330, '10', 'Standard', 3, 20),
(331, '11', 'Standard', 3, 20),
(332, '12', 'Standard', 3, 20),
(333, '13', 'Standard', 3, 20),
(334, '14', 'Standard', 3, 20),
(335, '15', 'Standard', 3, 20),
(336, '16', 'Standard', 3, 20),
(337, '17', 'Standard', 3, 20),
(338, '18', 'Standard', 3, 20),
(339, '19', 'Standard', 3, 20),
(340, '20', 'Standard', 3, 20),
(341, '21', 'Standard', 3, 20),
(342, '22', 'Standard', 3, 20),
(343, '23', 'Standard', 3, 20),
(344, '24', 'Standard', 3, 20),
(345, '25', 'Standard', 3, 20),
(346, '26', 'Standard', 3, 20),
(347, '27', 'Standard', 3, 20),
(348, '28', 'Standard', 3, 20),
(349, '29', 'Standard', 3, 20),
(350, '30', 'Standard', 3, 20),
(351, '31', 'Standard', 3, 20),
(352, '32', 'Standard', 3, 20),
(353, '33', 'Standard', 3, 20),
(354, '34', 'Standard', 3, 20),
(355, '35', 'Standard', 3, 20),
(356, '36', 'Standard', 3, 20),
(357, '37', 'Standard', 3, 20),
(358, '38', 'Standard', 3, 20),
(359, '39', 'Standard', 3, 20),
(360, '40', 'Standard', 3, 20),
(361, '41', 'VIP', 3, 30),
(362, '42', 'VIP', 3, 30),
(363, '43', 'VIP', 3, 30),
(364, '44', 'VIP', 3, 30),
(365, '45', 'VIP', 3, 30),
(366, '46', 'VIP', 3, 30),
(367, '47', 'VIP', 3, 30),
(368, '48', 'VIP', 3, 30),
(369, '49', 'VIP', 3, 30),
(370, '50', 'VIP', 3, 30),
(371, '51', 'VIP', 3, 30),
(372, '52', 'VIP', 3, 30),
(373, '53', 'VIP', 3, 30),
(374, '54', 'VIP', 3, 30),
(375, '55', 'VIP', 3, 30),
(376, '56', 'VIP', 3, 30),
(377, '57', 'VIP', 3, 30),
(378, '58', 'VIP', 3, 30),
(379, '59', 'VIP', 3, 30),
(380, '60', 'VIP', 3, 30),
(381, '61', 'VIP', 3, 30),
(382, '62', 'VIP', 3, 30),
(383, '63', 'VIP', 3, 30),
(384, '64', 'VIP', 3, 30),
(385, '65', 'VIP', 3, 30),
(386, '66', 'VIP', 3, 30),
(387, '67', 'VIP', 3, 30),
(388, '68', 'VIP', 3, 30),
(389, '69', 'VIP', 3, 30),
(390, '70', 'VIP', 3, 30),
(391, '71', 'VIP', 3, 30),
(392, '72', 'VIP', 3, 30),
(393, '73', 'VIP', 3, 30),
(394, '74', 'VIP', 3, 30),
(395, '75', 'VIP', 3, 30),
(396, '76', 'VIP', 3, 30),
(397, '77', 'VIP', 3, 30),
(398, '78', 'VIP', 3, 30),
(399, '79', 'VIP', 3, 30),
(400, '80', 'VIP', 3, 30),
(401, '81', 'Standard', 3, 20),
(402, '82', 'Standard', 3, 20),
(403, '83', 'Standard', 3, 20),
(404, '84', 'Standard', 3, 20),
(405, '85', 'Standard', 3, 20),
(406, '86', 'Standard', 3, 20),
(407, '87', 'Standard', 3, 20),
(408, '88', 'Standard', 3, 20),
(409, '89', 'Standard', 3, 20),
(410, '90', 'Standard', 3, 20),
(411, '91', 'Standard', 3, 20),
(412, '92', 'Standard', 3, 20),
(413, '93', 'Standard', 3, 20),
(414, '94', 'Standard', 3, 20),
(415, '95', 'Standard', 3, 20),
(416, '96', 'Standard', 3, 20),
(417, '97', 'Standard', 3, 20),
(418, '98', 'Standard', 3, 20),
(419, '99', 'Standard', 3, 20),
(420, '100', 'Standard', 3, 20),
(421, '101', 'Standard', 3, 20),
(422, '102', 'Standard', 3, 20),
(423, '103', 'Standard', 3, 20),
(424, '104', 'Standard', 3, 20),
(425, '105', 'Standard', 3, 20),
(426, '106', 'Standard', 3, 20),
(427, '107', 'Standard', 3, 20),
(428, '108', 'Standard', 3, 20),
(429, '109', 'Standard', 3, 20),
(430, '110', 'Standard', 3, 20),
(431, '111', 'Standard', 3, 20),
(432, '112', 'Standard', 3, 20),
(433, '113', 'Standard', 3, 20),
(434, '114', 'Standard', 3, 20),
(435, '115', 'Standard', 3, 20),
(436, '116', 'Standard', 3, 20),
(437, '117', 'Standard', 3, 20),
(438, '118', 'Standard', 3, 20),
(439, '119', 'Standard', 3, 20),
(440, '120', 'Standard', 3, 20),
(441, '121', 'Standard', 3, 20),
(442, '122', 'Standard', 3, 20),
(443, '123', 'Standard', 3, 20),
(444, '124', 'Standard', 3, 20),
(445, '125', 'Standard', 3, 20),
(446, '126', 'Standard', 3, 20),
(447, '127', 'Standard', 3, 20),
(448, '128', 'Standard', 3, 20),
(449, '129', 'Standard', 3, 20),
(450, '130', 'Standard', 3, 20),
(451, '131', 'Standard', 3, 20),
(452, '132', 'Standard', 3, 20),
(453, '133', 'Standard', 3, 20),
(454, '134', 'Standard', 3, 20),
(455, '135', 'Standard', 3, 20),
(456, '136', 'Standard', 3, 20),
(457, '137', 'Standard', 3, 20),
(458, '138', 'Standard', 3, 20),
(459, '139', 'Standard', 3, 20),
(460, '140', 'Standard', 3, 20),
(461, '141', 'Standard', 3, 20),
(462, '142', 'Standard', 3, 20),
(463, '143', 'Standard', 3, 20),
(464, '144', 'Standard', 3, 20),
(465, '145', 'Standard', 3, 20),
(466, '146', 'Standard', 3, 20),
(467, '147', 'Standard', 3, 20),
(468, '148', 'Standard', 3, 20),
(469, '149', 'Standard', 3, 20),
(470, '150', 'Standard', 3, 20),
(471, '151', 'Standard', 3, 20),
(472, '152', 'Standard', 3, 20),
(473, '153', 'Standard', 3, 20),
(474, '154', 'Standard', 3, 20),
(475, '155', 'Standard', 3, 20),
(476, '156', 'Standard', 3, 20),
(477, '157', 'Standard', 3, 20),
(478, '158', 'Standard', 3, 20),
(479, '159', 'Standard', 3, 20),
(480, '160', 'Standard', 3, 20),
(481, '01', 'Standard', 4, 20),
(482, '02', 'Standard', 4, 20),
(483, '03', 'Standard', 4, 20),
(484, '04', 'Standard', 4, 20),
(485, '05', 'Standard', 4, 20),
(486, '06', 'Standard', 4, 20),
(487, '07', 'Standard', 4, 20),
(488, '08', 'Standard', 4, 20),
(489, '09', 'Standard', 4, 20),
(490, '10', 'Standard', 4, 20),
(491, '11', 'Standard', 4, 20),
(492, '12', 'Standard', 4, 20),
(493, '13', 'Standard', 4, 20),
(494, '14', 'Standard', 4, 20),
(495, '15', 'Standard', 4, 20),
(496, '16', 'Standard', 4, 20),
(497, '17', 'Standard', 4, 20),
(498, '18', 'Standard', 4, 20),
(499, '19', 'Standard', 4, 20),
(500, '20', 'Standard', 4, 20);

INSERT INTO `Seat` (`seat_id`, `seat_name`, `seat_type`, `cinema_id`, `seat_price`) VALUES
(501, '21', 'Standard', 4, 20),
(502, '22', 'Standard', 4, 20),
(503, '23', 'Standard', 4, 20),
(504, '24', 'Standard', 4, 20),
(505, '25', 'Standard', 4, 20),
(506, '26', 'Standard', 4, 20),
(507, '27', 'Standard', 4, 20),
(508, '28', 'Standard', 4, 20),
(509, '29', 'Standard', 4, 20),
(510, '30', 'Standard', 4, 20),
(511, '31', 'Standard', 4, 20),
(512, '32', 'Standard', 4, 20),
(513, '33', 'Standard', 4, 20),
(514, '34', 'Standard', 4, 20),
(515, '35', 'Standard', 4, 20),
(516, '36', 'Standard', 4, 20),
(517, '37', 'Standard', 4, 20),
(518, '38', 'Standard', 4, 20),
(519, '39', 'Standard', 4, 20),
(520, '40', 'Standard', 4, 20),
(521, '41', 'VIP', 4, 30),
(522, '42', 'VIP', 4, 30),
(523, '43', 'VIP', 4, 30),
(524, '44', 'VIP', 4, 30),
(525, '45', 'VIP', 4, 30),
(526, '46', 'VIP', 4, 30),
(527, '47', 'VIP', 4, 30),
(528, '48', 'VIP', 4, 30),
(529, '49', 'VIP', 4, 30),
(530, '50', 'VIP', 4, 30),
(531, '51', 'VIP', 4, 30),
(532, '52', 'VIP', 4, 30),
(533, '53', 'VIP', 4, 30),
(534, '54', 'VIP', 4, 30),
(535, '55', 'VIP', 4, 30),
(536, '56', 'VIP', 4, 30),
(537, '57', 'VIP', 4, 30),
(538, '58', 'VIP', 4, 30),
(539, '59', 'VIP', 4, 30),
(540, '60', 'VIP', 4, 30),
(541, '61', 'VIP', 4, 30),
(542, '62', 'VIP', 4, 30),
(543, '63', 'VIP', 4, 30),
(544, '64', 'VIP', 4, 30),
(545, '65', 'VIP', 4, 30),
(546, '66', 'VIP', 4, 30),
(547, '67', 'VIP', 4, 30),
(548, '68', 'VIP', 4, 30),
(549, '69', 'VIP', 4, 30),
(550, '70', 'VIP', 4, 30),
(551, '71', 'VIP', 4, 30),
(552, '72', 'VIP', 4, 30),
(553, '73', 'VIP', 4, 30),
(554, '74', 'VIP', 4, 30),
(555, '75', 'VIP', 4, 30),
(556, '76', 'VIP', 4, 30),
(557, '77', 'VIP', 4, 30),
(558, '78', 'VIP', 4, 30),
(559, '79', 'VIP', 4, 30),
(560, '80', 'VIP', 4, 30),
(561, '81', 'Standard', 4, 20),
(562, '82', 'Standard', 4, 20),
(563, '83', 'Standard', 4, 20),
(564, '84', 'Standard', 4, 20),
(565, '85', 'Standard', 4, 20),
(566, '86', 'Standard', 4, 20),
(567, '87', 'Standard', 4, 20),
(568, '88', 'Standard', 4, 20),
(569, '89', 'Standard', 4, 20),
(570, '90', 'Standard', 4, 20),
(571, '91', 'Standard', 4, 20),
(572, '92', 'Standard', 4, 20),
(573, '93', 'Standard', 4, 20),
(574, '94', 'Standard', 4, 20),
(575, '95', 'Standard', 4, 20),
(576, '96', 'Standard', 4, 20),
(577, '97', 'Standard', 4, 20),
(578, '98', 'Standard', 4, 20),
(579, '99', 'Standard', 4, 20),
(580, '100', 'Standard', 4, 20),
(581, '101', 'Standard', 4, 20),
(582, '102', 'Standard', 4, 20),
(583, '103', 'Standard', 4, 20),
(584, '104', 'Standard', 4, 20),
(585, '105', 'Standard', 4, 20),
(586, '106', 'Standard', 4, 20),
(587, '107', 'Standard', 4, 20),
(588, '108', 'Standard', 4, 20),
(589, '109', 'Standard', 4, 20),
(590, '110', 'Standard', 4, 20),
(591, '111', 'Standard', 4, 20),
(592, '112', 'Standard', 4, 20),
(593, '113', 'Standard', 4, 20),
(594, '114', 'Standard', 4, 20),
(595, '115', 'Standard', 4, 20),
(596, '116', 'Standard', 4, 20),
(597, '117', 'Standard', 4, 20),
(598, '118', 'Standard', 4, 20),
(599, '119', 'Standard', 4, 20),
(600, '120', 'Standard', 4, 20),
(601, '121', 'Standard', 4, 20),
(602, '122', 'Standard', 4, 20),
(603, '123', 'Standard', 4, 20),
(604, '124', 'Standard', 4, 20),
(605, '125', 'Standard', 4, 20),
(606, '126', 'Standard', 4, 20),
(607, '127', 'Standard', 4, 20),
(608, '128', 'Standard', 4, 20),
(609, '129', 'Standard', 4, 20),
(610, '130', 'Standard', 4, 20),
(611, '131', 'Standard', 4, 20),
(612, '132', 'Standard', 4, 20),
(613, '133', 'Standard', 4, 20),
(614, '134', 'Standard', 4, 20),
(615, '135', 'Standard', 4, 20),
(616, '136', 'Standard', 4, 20),
(617, '137', 'Standard', 4, 20),
(618, '138', 'Standard', 4, 20),
(619, '139', 'Standard', 4, 20),
(620, '140', 'Standard', 4, 20),
(621, '141', 'Standard', 4, 20),
(622, '142', 'Standard', 4, 20),
(623, '143', 'Standard', 4, 20),
(624, '144', 'Standard', 4, 20),
(625, '145', 'Standard', 4, 20),
(626, '146', 'Standard', 4, 20),
(627, '147', 'Standard', 4, 20),
(628, '148', 'Standard', 4, 20),
(629, '149', 'Standard', 4, 20),
(630, '150', 'Standard', 4, 20),
(631, '151', 'Standard', 4, 20),
(632, '152', 'Standard', 4, 20),
(633, '153', 'Standard', 4, 20),
(634, '154', 'Standard', 4, 20),
(635, '155', 'Standard', 4, 20),
(636, '156', 'Standard', 4, 20),
(637, '157', 'Standard', 4, 20),
(638, '158', 'Standard', 4, 20),
(639, '159', 'Standard', 4, 20),
(640, '160', 'Standard', 4, 20),
(641, '01', 'Standard', 5, 20),
(642, '02', 'Standard', 5, 20),
(643, '03', 'Standard', 5, 20),
(644, '04', 'Standard', 5, 20),
(645, '05', 'Standard', 5, 20),
(646, '06', 'Standard', 5, 20),
(647, '07', 'Standard', 5, 20),
(648, '08', 'Standard', 5, 20),
(649, '09', 'Standard', 5, 20),
(650, '10', 'Standard', 5, 20),
(651, '11', 'Standard', 5, 20),
(652, '12', 'Standard', 5, 20),
(653, '13', 'Standard', 5, 20),
(654, '14', 'Standard', 5, 20),
(655, '15', 'Standard', 5, 20),
(656, '16', 'Standard', 5, 20),
(657, '17', 'Standard', 5, 20),
(658, '18', 'Standard', 5, 20),
(659, '19', 'Standard', 5, 20),
(660, '20', 'Standard', 5, 20),
(661, '21', 'Standard', 5, 20),
(662, '22', 'Standard', 5, 20),
(663, '23', 'Standard', 5, 20),
(664, '24', 'Standard', 5, 20),
(665, '25', 'Standard', 5, 20),
(666, '26', 'Standard', 5, 20),
(667, '27', 'Standard', 5, 20),
(668, '28', 'Standard', 5, 20),
(669, '29', 'Standard', 5, 20),
(670, '30', 'Standard', 5, 20),
(671, '31', 'Standard', 5, 20),
(672, '32', 'Standard', 5, 20),
(673, '33', 'Standard', 5, 20),
(674, '34', 'Standard', 5, 20),
(675, '35', 'Standard', 5, 20),
(676, '36', 'Standard', 5, 20),
(677, '37', 'Standard', 5, 20),
(678, '38', 'Standard', 5, 20),
(679, '39', 'Standard', 5, 20),
(680, '40', 'Standard', 5, 20),
(681, '41', 'VIP', 5, 30),
(682, '42', 'VIP', 5, 30),
(683, '43', 'VIP', 5, 30),
(684, '44', 'VIP', 5, 30),
(685, '45', 'VIP', 5, 30),
(686, '46', 'VIP', 5, 30),
(687, '47', 'VIP', 5, 30),
(688, '48', 'VIP', 5, 30),
(689, '49', 'VIP', 5, 30),
(690, '50', 'VIP', 5, 30),
(691, '51', 'VIP', 5, 30),
(692, '52', 'VIP', 5, 30),
(693, '53', 'VIP', 5, 30),
(694, '54', 'VIP', 5, 30),
(695, '55', 'VIP', 5, 30),
(696, '56', 'VIP', 5, 30),
(697, '57', 'VIP', 5, 30),
(698, '58', 'VIP', 5, 30),
(699, '59', 'VIP', 5, 30),
(700, '60', 'VIP', 5, 30),
(701, '61', 'VIP', 5, 30),
(702, '62', 'VIP', 5, 30),
(703, '63', 'VIP', 5, 30),
(704, '64', 'VIP', 5, 30),
(705, '65', 'VIP', 5, 30),
(706, '66', 'VIP', 5, 30),
(707, '67', 'VIP', 5, 30),
(708, '68', 'VIP', 5, 30),
(709, '69', 'VIP', 5, 30),
(710, '70', 'VIP', 5, 30),
(711, '71', 'VIP', 5, 30),
(712, '72', 'VIP', 5, 30),
(713, '73', 'VIP', 5, 30),
(714, '74', 'VIP', 5, 30),
(715, '75', 'VIP', 5, 30),
(716, '76', 'VIP', 5, 30),
(717, '77', 'VIP', 5, 30),
(718, '78', 'VIP', 5, 30),
(719, '79', 'VIP', 5, 30),
(720, '80', 'VIP', 5, 30),
(721, '81', 'Standard', 5, 20),
(722, '82', 'Standard', 5, 20),
(723, '83', 'Standard', 5, 20),
(724, '84', 'Standard', 5, 20),
(725, '85', 'Standard', 5, 20),
(726, '86', 'Standard', 5, 20),
(727, '87', 'Standard', 5, 20),
(728, '88', 'Standard', 5, 20),
(729, '89', 'Standard', 5, 20),
(730, '90', 'Standard', 5, 20),
(731, '91', 'Standard', 5, 20),
(732, '92', 'Standard', 5, 20),
(733, '93', 'Standard', 5, 20),
(734, '94', 'Standard', 5, 20),
(735, '95', 'Standard', 5, 20),
(736, '96', 'Standard', 5, 20),
(737, '97', 'Standard', 5, 20),
(738, '98', 'Standard', 5, 20),
(739, '99', 'Standard', 5, 20),
(740, '100', 'Standard', 5, 20),
(741, '101', 'Standard', 5, 20),
(742, '102', 'Standard', 5, 20),
(743, '103', 'Standard', 5, 20),
(744, '104', 'Standard', 5, 20),
(745, '105', 'Standard', 5, 20),
(746, '106', 'Standard', 5, 20),
(747, '107', 'Standard', 5, 20),
(748, '108', 'Standard', 5, 20),
(749, '109', 'Standard', 5, 20),
(750, '110', 'Standard', 5, 20),
(751, '111', 'Standard', 5, 20),
(752, '112', 'Standard', 5, 20),
(753, '113', 'Standard', 5, 20),
(754, '114', 'Standard', 5, 20),
(755, '115', 'Standard', 5, 20),
(756, '116', 'Standard', 5, 20),
(757, '117', 'Standard', 5, 20),
(758, '118', 'Standard', 5, 20),
(759, '119', 'Standard', 5, 20),
(760, '120', 'Standard', 5, 20),
(761, '121', 'Standard', 5, 20),
(762, '122', 'Standard', 5, 20),
(763, '123', 'Standard', 5, 20),
(764, '124', 'Standard', 5, 20),
(765, '125', 'Standard', 5, 20),
(766, '126', 'Standard', 5, 20),
(767, '127', 'Standard', 5, 20),
(768, '128', 'Standard', 5, 20),
(769, '129', 'Standard', 5, 20),
(770, '130', 'Standard', 5, 20),
(771, '131', 'Standard', 5, 20),
(772, '132', 'Standard', 5, 20),
(773, '133', 'Standard', 5, 20),
(774, '134', 'Standard', 5, 20),
(775, '135', 'Standard', 5, 20),
(776, '136', 'Standard', 5, 20),
(777, '137', 'Standard', 5, 20),
(778, '138', 'Standard', 5, 20),
(779, '139', 'Standard', 5, 20),
(780, '140', 'Standard', 5, 20),
(781, '141', 'Standard', 5, 20),
(782, '142', 'Standard', 5, 20),
(783, '143', 'Standard', 5, 20),
(784, '144', 'Standard', 5, 20),
(785, '145', 'Standard', 5, 20),
(786, '146', 'Standard', 5, 20),
(787, '147', 'Standard', 5, 20),
(788, '148', 'Standard', 5, 20),
(789, '149', 'Standard', 5, 20),
(790, '150', 'Standard', 5, 20),
(791, '151', 'Standard', 5, 20),
(792, '152', 'Standard', 5, 20),
(793, '153', 'Standard', 5, 20),
(794, '154', 'Standard', 5, 20),
(795, '155', 'Standard', 5, 20),
(796, '156', 'Standard', 5, 20),
(797, '157', 'Standard', 5, 20),
(798, '158', 'Standard', 5, 20),
(799, '159', 'Standard', 5, 20),
(800, '160', 'Standard', 5, 20),
(801, '01', 'Standard', 6, 20),
(802, '02', 'Standard', 6, 20),
(803, '03', 'Standard', 6, 20),
(804, '04', 'Standard', 6, 20),
(805, '05', 'Standard', 6, 20),
(806, '06', 'Standard', 6, 20),
(807, '07', 'Standard', 6, 20),
(808, '08', 'Standard', 6, 20),
(809, '09', 'Standard', 6, 20),
(810, '10', 'Standard', 6, 20),
(811, '11', 'Standard', 6, 20),
(812, '12', 'Standard', 6, 20),
(813, '13', 'Standard', 6, 20),
(814, '14', 'Standard', 6, 20),
(815, '15', 'Standard', 6, 20),
(816, '16', 'Standard', 6, 20),
(817, '17', 'Standard', 6, 20),
(818, '18', 'Standard', 6, 20),
(819, '19', 'Standard', 6, 20),
(820, '20', 'Standard', 6, 20),
(821, '21', 'Standard', 6, 20),
(822, '22', 'Standard', 6, 20),
(823, '23', 'Standard', 6, 20),
(824, '24', 'Standard', 6, 20),
(825, '25', 'Standard', 6, 20),
(826, '26', 'Standard', 6, 20),
(827, '27', 'Standard', 6, 20),
(828, '28', 'Standard', 6, 20),
(829, '29', 'Standard', 6, 20),
(830, '30', 'Standard', 6, 20),
(831, '31', 'Standard', 6, 20),
(832, '32', 'Standard', 6, 20),
(833, '33', 'Standard', 6, 20),
(834, '34', 'Standard', 6, 20),
(835, '35', 'Standard', 6, 20),
(836, '36', 'Standard', 6, 20),
(837, '37', 'Standard', 6, 20),
(838, '38', 'Standard', 6, 20),
(839, '39', 'Standard', 6, 20),
(840, '40', 'Standard', 6, 20),
(841, '41', 'VIP', 6, 30),
(842, '42', 'VIP', 6, 30),
(843, '43', 'VIP', 6, 30),
(844, '44', 'VIP', 6, 30),
(845, '45', 'VIP', 6, 30),
(846, '46', 'VIP', 6, 30),
(847, '47', 'VIP', 6, 30),
(848, '48', 'VIP', 6, 30),
(849, '49', 'VIP', 6, 30),
(850, '50', 'VIP', 6, 30),
(851, '51', 'VIP', 6, 30),
(852, '52', 'VIP', 6, 30),
(853, '53', 'VIP', 6, 30),
(854, '54', 'VIP', 6, 30),
(855, '55', 'VIP', 6, 30),
(856, '56', 'VIP', 6, 30),
(857, '57', 'VIP', 6, 30),
(858, '58', 'VIP', 6, 30),
(859, '59', 'VIP', 6, 30),
(860, '60', 'VIP', 6, 30),
(861, '61', 'VIP', 6, 30),
(862, '62', 'VIP', 6, 30),
(863, '63', 'VIP', 6, 30),
(864, '64', 'VIP', 6, 30),
(865, '65', 'VIP', 6, 30),
(866, '66', 'VIP', 6, 30),
(867, '67', 'VIP', 6, 30),
(868, '68', 'VIP', 6, 30),
(869, '69', 'VIP', 6, 30),
(870, '70', 'VIP', 6, 30),
(871, '71', 'VIP', 6, 30),
(872, '72', 'VIP', 6, 30),
(873, '73', 'VIP', 6, 30),
(874, '74', 'VIP', 6, 30),
(875, '75', 'VIP', 6, 30),
(876, '76', 'VIP', 6, 30),
(877, '77', 'VIP', 6, 30),
(878, '78', 'VIP', 6, 30),
(879, '79', 'VIP', 6, 30),
(880, '80', 'VIP', 6, 30),
(881, '81', 'Standard', 6, 20),
(882, '82', 'Standard', 6, 20),
(883, '83', 'Standard', 6, 20),
(884, '84', 'Standard', 6, 20),
(885, '85', 'Standard', 6, 20),
(886, '86', 'Standard', 6, 20),
(887, '87', 'Standard', 6, 20),
(888, '88', 'Standard', 6, 20),
(889, '89', 'Standard', 6, 20),
(890, '90', 'Standard', 6, 20),
(891, '91', 'Standard', 6, 20),
(892, '92', 'Standard', 6, 20),
(893, '93', 'Standard', 6, 20),
(894, '94', 'Standard', 6, 20),
(895, '95', 'Standard', 6, 20),
(896, '96', 'Standard', 6, 20),
(897, '97', 'Standard', 6, 20),
(898, '98', 'Standard', 6, 20),
(899, '99', 'Standard', 6, 20),
(900, '100', 'Standard', 6, 20),
(901, '101', 'Standard', 6, 20),
(902, '102', 'Standard', 6, 20),
(903, '103', 'Standard', 6, 20),
(904, '104', 'Standard', 6, 20),
(905, '105', 'Standard', 6, 20),
(906, '106', 'Standard', 6, 20),
(907, '107', 'Standard', 6, 20),
(908, '108', 'Standard', 6, 20),
(909, '109', 'Standard', 6, 20),
(910, '110', 'Standard', 6, 20),
(911, '111', 'Standard', 6, 20),
(912, '112', 'Standard', 6, 20),
(913, '113', 'Standard', 6, 20),
(914, '114', 'Standard', 6, 20),
(915, '115', 'Standard', 6, 20),
(916, '116', 'Standard', 6, 20),
(917, '117', 'Standard', 6, 20),
(918, '118', 'Standard', 6, 20),
(919, '119', 'Standard', 6, 20),
(920, '120', 'Standard', 6, 20),
(921, '121', 'Standard', 6, 20),
(922, '122', 'Standard', 6, 20),
(923, '123', 'Standard', 6, 20),
(924, '124', 'Standard', 6, 20),
(925, '125', 'Standard', 6, 20),
(926, '126', 'Standard', 6, 20),
(927, '127', 'Standard', 6, 20),
(928, '128', 'Standard', 6, 20),
(929, '129', 'Standard', 6, 20),
(930, '130', 'Standard', 6, 20),
(931, '131', 'Standard', 6, 20),
(932, '132', 'Standard', 6, 20),
(933, '133', 'Standard', 6, 20),
(934, '134', 'Standard', 6, 20),
(935, '135', 'Standard', 6, 20),
(936, '136', 'Standard', 6, 20),
(937, '137', 'Standard', 6, 20),
(938, '138', 'Standard', 6, 20),
(939, '139', 'Standard', 6, 20),
(940, '140', 'Standard', 6, 20),
(941, '141', 'Standard', 6, 20),
(942, '142', 'Standard', 6, 20),
(943, '143', 'Standard', 6, 20),
(944, '144', 'Standard', 6, 20),
(945, '145', 'Standard', 6, 20),
(946, '146', 'Standard', 6, 20),
(947, '147', 'Standard', 6, 20),
(948, '148', 'Standard', 6, 20),
(949, '149', 'Standard', 6, 20),
(950, '150', 'Standard', 6, 20),
(951, '151', 'Standard', 6, 20),
(952, '152', 'Standard', 6, 20),
(953, '153', 'Standard', 6, 20),
(954, '154', 'Standard', 6, 20),
(955, '155', 'Standard', 6, 20),
(956, '156', 'Standard', 6, 20),
(957, '157', 'Standard', 6, 20),
(958, '158', 'Standard', 6, 20),
(959, '159', 'Standard', 6, 20),
(960, '160', 'Standard', 6, 20),
(961, '01', 'Standard', 7, 20),
(962, '02', 'Standard', 7, 20),
(963, '03', 'Standard', 7, 20),
(964, '04', 'Standard', 7, 20),
(965, '05', 'Standard', 7, 20),
(966, '06', 'Standard', 7, 20),
(967, '07', 'Standard', 7, 20),
(968, '08', 'Standard', 7, 20),
(969, '09', 'Standard', 7, 20),
(970, '10', 'Standard', 7, 20),
(971, '11', 'Standard', 7, 20),
(972, '12', 'Standard', 7, 20),
(973, '13', 'Standard', 7, 20),
(974, '14', 'Standard', 7, 20),
(975, '15', 'Standard', 7, 20),
(976, '16', 'Standard', 7, 20),
(977, '17', 'Standard', 7, 20),
(978, '18', 'Standard', 7, 20),
(979, '19', 'Standard', 7, 20),
(980, '20', 'Standard', 7, 20),
(981, '21', 'Standard', 7, 20),
(982, '22', 'Standard', 7, 20),
(983, '23', 'Standard', 7, 20),
(984, '24', 'Standard', 7, 20),
(985, '25', 'Standard', 7, 20),
(986, '26', 'Standard', 7, 20),
(987, '27', 'Standard', 7, 20),
(988, '28', 'Standard', 7, 20),
(989, '29', 'Standard', 7, 20),
(990, '30', 'Standard', 7, 20),
(991, '31', 'Standard', 7, 20),
(992, '32', 'Standard', 7, 20),
(993, '33', 'Standard', 7, 20),
(994, '34', 'Standard', 7, 20),
(995, '35', 'Standard', 7, 20),
(996, '36', 'Standard', 7, 20),
(997, '37', 'Standard', 7, 20),
(998, '38', 'Standard', 7, 20),
(999, '39', 'Standard', 7, 20),
(1000, '40', 'Standard', 7, 20);

INSERT INTO `Seat` (`seat_id`, `seat_name`, `seat_type`, `cinema_id`, `seat_price`) VALUES
(1001, '41', 'VIP', 7, 30),
(1002, '42', 'VIP', 7, 30),
(1003, '43', 'VIP', 7, 30),
(1004, '44', 'VIP', 7, 30),
(1005, '45', 'VIP', 7, 30),
(1006, '46', 'VIP', 7, 30),
(1007, '47', 'VIP', 7, 30),
(1008, '48', 'VIP', 7, 30),
(1009, '49', 'VIP', 7, 30),
(1010, '50', 'VIP', 7, 30),
(1011, '51', 'VIP', 7, 30),
(1012, '52', 'VIP', 7, 30),
(1013, '53', 'VIP', 7, 30),
(1014, '54', 'VIP', 7, 30),
(1015, '55', 'VIP', 7, 30),
(1016, '56', 'VIP', 7, 30),
(1017, '57', 'VIP', 7, 30),
(1018, '58', 'VIP', 7, 30),
(1019, '59', 'VIP', 7, 30),
(1020, '60', 'VIP', 7, 30),
(1021, '61', 'VIP', 7, 30),
(1022, '62', 'VIP', 7, 30),
(1023, '63', 'VIP', 7, 30),
(1024, '64', 'VIP', 7, 30),
(1025, '65', 'VIP', 7, 30),
(1026, '66', 'VIP', 7, 30),
(1027, '67', 'VIP', 7, 30),
(1028, '68', 'VIP', 7, 30),
(1029, '69', 'VIP', 7, 30),
(1030, '70', 'VIP', 7, 30),
(1031, '71', 'VIP', 7, 30),
(1032, '72', 'VIP', 7, 30),
(1033, '73', 'VIP', 7, 30),
(1034, '74', 'VIP', 7, 30),
(1035, '75', 'VIP', 7, 30),
(1036, '76', 'VIP', 7, 30),
(1037, '77', 'VIP', 7, 30),
(1038, '78', 'VIP', 7, 30),
(1039, '79', 'VIP', 7, 30),
(1040, '80', 'VIP', 7, 30),
(1041, '81', 'Standard', 7, 20),
(1042, '82', 'Standard', 7, 20),
(1043, '83', 'Standard', 7, 20),
(1044, '84', 'Standard', 7, 20),
(1045, '85', 'Standard', 7, 20),
(1046, '86', 'Standard', 7, 20),
(1047, '87', 'Standard', 7, 20),
(1048, '88', 'Standard', 7, 20),
(1049, '89', 'Standard', 7, 20),
(1050, '90', 'Standard', 7, 20),
(1051, '91', 'Standard', 7, 20),
(1052, '92', 'Standard', 7, 20),
(1053, '93', 'Standard', 7, 20),
(1054, '94', 'Standard', 7, 20),
(1055, '95', 'Standard', 7, 20),
(1056, '96', 'Standard', 7, 20),
(1057, '97', 'Standard', 7, 20),
(1058, '98', 'Standard', 7, 20),
(1059, '99', 'Standard', 7, 20),
(1060, '100', 'Standard', 7, 20),
(1061, '101', 'Standard', 7, 20),
(1062, '102', 'Standard', 7, 20),
(1063, '103', 'Standard', 7, 20),
(1064, '104', 'Standard', 7, 20),
(1065, '105', 'Standard', 7, 20),
(1066, '106', 'Standard', 7, 20),
(1067, '107', 'Standard', 7, 20),
(1068, '108', 'Standard', 7, 20),
(1069, '109', 'Standard', 7, 20),
(1070, '110', 'Standard', 7, 20),
(1071, '111', 'Standard', 7, 20),
(1072, '112', 'Standard', 7, 20),
(1073, '113', 'Standard', 7, 20),
(1074, '114', 'Standard', 7, 20),
(1075, '115', 'Standard', 7, 20),
(1076, '116', 'Standard', 7, 20),
(1077, '117', 'Standard', 7, 20),
(1078, '118', 'Standard', 7, 20),
(1079, '119', 'Standard', 7, 20),
(1080, '120', 'Standard', 7, 20),
(1081, '121', 'Standard', 7, 20),
(1082, '122', 'Standard', 7, 20),
(1083, '123', 'Standard', 7, 20),
(1084, '124', 'Standard', 7, 20),
(1085, '125', 'Standard', 7, 20),
(1086, '126', 'Standard', 7, 20),
(1087, '127', 'Standard', 7, 20),
(1088, '128', 'Standard', 7, 20),
(1089, '129', 'Standard', 7, 20),
(1090, '130', 'Standard', 7, 20),
(1091, '131', 'Standard', 7, 20),
(1092, '132', 'Standard', 7, 20),
(1093, '133', 'Standard', 7, 20),
(1094, '134', 'Standard', 7, 20),
(1095, '135', 'Standard', 7, 20),
(1096, '136', 'Standard', 7, 20),
(1097, '137', 'Standard', 7, 20),
(1098, '138', 'Standard', 7, 20),
(1099, '139', 'Standard', 7, 20),
(1100, '140', 'Standard', 7, 20),
(1101, '141', 'Standard', 7, 20),
(1102, '142', 'Standard', 7, 20),
(1103, '143', 'Standard', 7, 20),
(1104, '144', 'Standard', 7, 20),
(1105, '145', 'Standard', 7, 20),
(1106, '146', 'Standard', 7, 20),
(1107, '147', 'Standard', 7, 20),
(1108, '148', 'Standard', 7, 20),
(1109, '149', 'Standard', 7, 20),
(1110, '150', 'Standard', 7, 20),
(1111, '151', 'Standard', 7, 20),
(1112, '152', 'Standard', 7, 20),
(1113, '153', 'Standard', 7, 20),
(1114, '154', 'Standard', 7, 20),
(1115, '155', 'Standard', 7, 20),
(1116, '156', 'Standard', 7, 20),
(1117, '157', 'Standard', 7, 20),
(1118, '158', 'Standard', 7, 20),
(1119, '159', 'Standard', 7, 20),
(1120, '160', 'Standard', 7, 20),
(1121, '01', 'Standard', 8, 20),
(1122, '02', 'Standard', 8, 20),
(1123, '03', 'Standard', 8, 20),
(1124, '04', 'Standard', 8, 20),
(1125, '05', 'Standard', 8, 20),
(1126, '06', 'Standard', 8, 20),
(1127, '07', 'Standard', 8, 20),
(1128, '08', 'Standard', 8, 20),
(1129, '09', 'Standard', 8, 20),
(1130, '10', 'Standard', 8, 20),
(1131, '11', 'Standard', 8, 20),
(1132, '12', 'Standard', 8, 20),
(1133, '13', 'Standard', 8, 20),
(1134, '14', 'Standard', 8, 20),
(1135, '15', 'Standard', 8, 20),
(1136, '16', 'Standard', 8, 20),
(1137, '17', 'Standard', 8, 20),
(1138, '18', 'Standard', 8, 20),
(1139, '19', 'Standard', 8, 20),
(1140, '20', 'Standard', 8, 20),
(1141, '21', 'Standard', 8, 20),
(1142, '22', 'Standard', 8, 20),
(1143, '23', 'Standard', 8, 20),
(1144, '24', 'Standard', 8, 20),
(1145, '25', 'Standard', 8, 20),
(1146, '26', 'Standard', 8, 20),
(1147, '27', 'Standard', 8, 20),
(1148, '28', 'Standard', 8, 20),
(1149, '29', 'Standard', 8, 20),
(1150, '30', 'Standard', 8, 20),
(1151, '31', 'Standard', 8, 20),
(1152, '32', 'Standard', 8, 20),
(1153, '33', 'Standard', 8, 20),
(1154, '34', 'Standard', 8, 20),
(1155, '35', 'Standard', 8, 20),
(1156, '36', 'Standard', 8, 20),
(1157, '37', 'Standard', 8, 20),
(1158, '38', 'Standard', 8, 20),
(1159, '39', 'Standard', 8, 20),
(1160, '40', 'Standard', 8, 20),
(1161, '41', 'VIP', 8, 30),
(1162, '42', 'VIP', 8, 30),
(1163, '43', 'VIP', 8, 30),
(1164, '44', 'VIP', 8, 30),
(1165, '45', 'VIP', 8, 30),
(1166, '46', 'VIP', 8, 30),
(1167, '47', 'VIP', 8, 30),
(1168, '48', 'VIP', 8, 30),
(1169, '49', 'VIP', 8, 30),
(1170, '50', 'VIP', 8, 30),
(1171, '51', 'VIP', 8, 30),
(1172, '52', 'VIP', 8, 30),
(1173, '53', 'VIP', 8, 30),
(1174, '54', 'VIP', 8, 30),
(1175, '55', 'VIP', 8, 30),
(1176, '56', 'VIP', 8, 30),
(1177, '57', 'VIP', 8, 30),
(1178, '58', 'VIP', 8, 30),
(1179, '59', 'VIP', 8, 30),
(1180, '60', 'VIP', 8, 30),
(1181, '61', 'VIP', 8, 30),
(1182, '62', 'VIP', 8, 30),
(1183, '63', 'VIP', 8, 30),
(1184, '64', 'VIP', 8, 30),
(1185, '65', 'VIP', 8, 30),
(1186, '66', 'VIP', 8, 30),
(1187, '67', 'VIP', 8, 30),
(1188, '68', 'VIP', 8, 30),
(1189, '69', 'VIP', 8, 30),
(1190, '70', 'VIP', 8, 30),
(1191, '71', 'VIP', 8, 30),
(1192, '72', 'VIP', 8, 30),
(1193, '73', 'VIP', 8, 30),
(1194, '74', 'VIP', 8, 30),
(1195, '75', 'VIP', 8, 30),
(1196, '76', 'VIP', 8, 30),
(1197, '77', 'VIP', 8, 30),
(1198, '78', 'VIP', 8, 30),
(1199, '79', 'VIP', 8, 30),
(1200, '80', 'VIP', 8, 30),
(1201, '81', 'Standard', 8, 20),
(1202, '82', 'Standard', 8, 20),
(1203, '83', 'Standard', 8, 20),
(1204, '84', 'Standard', 8, 20),
(1205, '85', 'Standard', 8, 20),
(1206, '86', 'Standard', 8, 20),
(1207, '87', 'Standard', 8, 20),
(1208, '88', 'Standard', 8, 20),
(1209, '89', 'Standard', 8, 20),
(1210, '90', 'Standard', 8, 20),
(1211, '91', 'Standard', 8, 20),
(1212, '92', 'Standard', 8, 20),
(1213, '93', 'Standard', 8, 20),
(1214, '94', 'Standard', 8, 20),
(1215, '95', 'Standard', 8, 20),
(1216, '96', 'Standard', 8, 20),
(1217, '97', 'Standard', 8, 20),
(1218, '98', 'Standard', 8, 20),
(1219, '99', 'Standard', 8, 20),
(1220, '100', 'Standard', 8, 20),
(1221, '101', 'Standard', 8, 20),
(1222, '102', 'Standard', 8, 20),
(1223, '103', 'Standard', 8, 20),
(1224, '104', 'Standard', 8, 20),
(1225, '105', 'Standard', 8, 20),
(1226, '106', 'Standard', 8, 20),
(1227, '107', 'Standard', 8, 20),
(1228, '108', 'Standard', 8, 20),
(1229, '109', 'Standard', 8, 20),
(1230, '110', 'Standard', 8, 20),
(1231, '111', 'Standard', 8, 20),
(1232, '112', 'Standard', 8, 20),
(1233, '113', 'Standard', 8, 20),
(1234, '114', 'Standard', 8, 20),
(1235, '115', 'Standard', 8, 20),
(1236, '116', 'Standard', 8, 20),
(1237, '117', 'Standard', 8, 20),
(1238, '118', 'Standard', 8, 20),
(1239, '119', 'Standard', 8, 20),
(1240, '120', 'Standard', 8, 20),
(1241, '121', 'Standard', 8, 20),
(1242, '122', 'Standard', 8, 20),
(1243, '123', 'Standard', 8, 20),
(1244, '124', 'Standard', 8, 20),
(1245, '125', 'Standard', 8, 20),
(1246, '126', 'Standard', 8, 20),
(1247, '127', 'Standard', 8, 20),
(1248, '128', 'Standard', 8, 20),
(1249, '129', 'Standard', 8, 20),
(1250, '130', 'Standard', 8, 20),
(1251, '131', 'Standard', 8, 20),
(1252, '132', 'Standard', 8, 20),
(1253, '133', 'Standard', 8, 20),
(1254, '134', 'Standard', 8, 20),
(1255, '135', 'Standard', 8, 20),
(1256, '136', 'Standard', 8, 20),
(1257, '137', 'Standard', 8, 20),
(1258, '138', 'Standard', 8, 20),
(1259, '139', 'Standard', 8, 20),
(1260, '140', 'Standard', 8, 20),
(1261, '141', 'Standard', 8, 20),
(1262, '142', 'Standard', 8, 20),
(1263, '143', 'Standard', 8, 20),
(1264, '144', 'Standard', 8, 20),
(1265, '145', 'Standard', 8, 20),
(1266, '146', 'Standard', 8, 20),
(1267, '147', 'Standard', 8, 20),
(1268, '148', 'Standard', 8, 20),
(1269, '149', 'Standard', 8, 20),
(1270, '150', 'Standard', 8, 20),
(1271, '151', 'Standard', 8, 20),
(1272, '152', 'Standard', 8, 20),
(1273, '153', 'Standard', 8, 20),
(1274, '154', 'Standard', 8, 20),
(1275, '155', 'Standard', 8, 20),
(1276, '156', 'Standard', 8, 20),
(1277, '157', 'Standard', 8, 20),
(1278, '158', 'Standard', 8, 20),
(1279, '159', 'Standard', 8, 20),
(1280, '160', 'Standard', 8, 20);

INSERT INTO `ShowTimes` (`showtimes_id`, `cinema_id`, `movie_id`, `screening_time`, `ticket_price`) VALUES
(1, 1, 1, '2024-03-01 18:30:00', 20),
(2, 1, 1, '2024-03-01 21:45:00', 20),
(3, 1, 2, '2024-05-24 19:00:00', 20),
(4, 1, 3, '2024-07-26 10:30:00', 20),
(5, 1, 4, '2024-06-14 14:00:00', 20),
(6, 2, 5, '2024-05-10 18:00:00', 20),
(7, 3, 3, '2024-07-26 20:00:00', 20),
(8, 4, 1, '2024-03-02 19:30:00', 20),
(9, 5, 6, '2024-03-29 18:00:00', 20),
(10, 6, 7, '2024-03-29 20:30:00', 20),
(11, 7, 8, '2024-04-12 19:00:00', 20),
(12, 8, 9, '2024-04-25 17:00:00', 20),
(13, 1, 1, '2026-03-25 06:00:00', 1),
(14, 1, 1, '2026-03-25 07:00:00', 1),
(19, 1, 2, '2026-04-28 20:00:00', 20),
(20, 1, 1, '2026-04-23 14:05:00', 25);

INSERT INTO `User` (`account_id`, `name`, `email`, `phone_number`, `password`, `user_type`) VALUES
(2, 'John Doe', 'john.doe@gmail.com', '0450207066', '$2b$10$vf7XTJ6doO.tdkyhbvr4ZeV0uTRCwKWA2K8iSmceKL7iC.afUSIr6', 'customer'),
(3, 'KelvinCustomer', 'admin@gmail.com', '0902980011', '1234', 'customer'),
(4, 'admin1@gmail.com', 'admin1@gmail.com', '0902980011', '$2b$10$0/dzJtjf/127wW0dOu1W8up5m.rGNFVg5f6ySbKYNImKGr4kquBfS', 'admin'),
(6, 'Kelvin', 'admin2@gmail.com', '0450207006', '$2b$10$rWNy.q8C724mmrwjalObmOcJNhfWoaAyo6f4GeRZQG.zm44UFXqHW', 'admin'),
(7, 'Kelvin', 'admin3@gmail.com', '0902980011', '1234', 'admin'),
(9, 'John', 'john@gmail.com', '0902980011', '$2b$10$WfUu/5lq2vfeVYqH4yHTgeRBCDszVDPz07ggm8k9DeFf2IhkWVJSm', 'customer'),
(10, 'John Wick', 'johnwick@gmail.com', '0987665123', '$2b$10$5unDUYcph/AiXycEQ/6ZTOy3TlwSipu77BsksxBs2XryBBtzOg0D2', 'customer');



/*!40101 SET SQL_MODE=@OLD_SQL_MODE */;
/*!40014 SET FOREIGN_KEY_CHECKS=@OLD_FOREIGN_KEY_CHECKS */;
/*!40014 SET UNIQUE_CHECKS=@OLD_UNIQUE_CHECKS */;
/*!40101 SET CHARACTER_SET_CLIENT=@OLD_CHARACTER_SET_CLIENT */;
/*!40101 SET CHARACTER_SET_RESULTS=@OLD_CHARACTER_SET_RESULTS */;
/*!40101 SET COLLATION_CONNECTION=@OLD_COLLATION_CONNECTION */;
/*!40111 SET SQL_NOTES=@OLD_SQL_NOTES */;